category,dataset,name,source,input_bytes,lzw_units,lzss_units,structure_score,byte_entropy,window_entropy,lzw_ratio,lzss_ratio,detail
text,wikitext,sample_0000,<memory>,0,0,0,1.0,0.0,0.0,0.0,0.0,"HF text, 0 lines, 0 bytes"
text,wikitext,sample_0001,<memory>,30,28,28,0.611,3.8981,4.6511,1.05,1.092,"HF text, 2 lines, 30 bytes"
text,wikitext,sample_0002,<memory>,0,0,0,1.0,0.0,0.0,0.0,0.0,"HF text, 0 lines, 0 bytes"
text,wikitext,sample_0003,<memory>,727,448,468,0.4727,4.6865,7.5017,0.77,0.865,"HF text, 2 lines, 727 bytes"
text,wikitext,sample_0004,<memory>,524,343,364,0.4946,4.4091,7.3533,0.818,0.896,"HF text, 2 lines, 524 bytes"
text,wikitext,sample_0005,<memory>,574,360,359,0.5011,4.3725,7.219,0.784,0.836,"HF text, 2 lines, 574 bytes"
text,wikitext,sample_0006,<memory>,0,0,0,1.0,0.0,0.0,0.0,0.0,"HF text, 0 lines, 0 bytes"
text,wikitext,sample_0007,<memory>,19,15,13,0.7159,2.9053,3.281,0.888,0.901,"HF text, 2 lines, 19 bytes"
text,wikitext,sample_0008,<memory>,0,0,0,1.0,0.0,0.0,0.0,0.0,"HF text, 0 lines, 0 bytes"
text,wikitext,sample_0009,<memory>,1221,645,618,0.5036,4.2845,7.3169,0.66,0.74,"HF text, 2 lines, 1221 bytes"
text,wikitext,sample_0010,<memory>,1623,810,746,0.4973,4.3362,7.4139,0.624,0.691,"HF text, 2 lines, 1623 bytes"
text,wikitext,sample_0011,<memory>,496,315,306,0.5107,4.2887,7.0815,0.794,0.835,"HF text, 2 lines, 496 bytes"
text,wikitext,sample_0012,<memory>,0,0,0,1.0,0.0,0.0,0.0,0.0,"HF text, 0 lines, 0 bytes"
text,wikitext,sample_0013,<memory>,15,11,9,0.7705,2.3396,2.6645,0.825,0.842,"HF text, 2 lines, 15 bytes"
text,wikitext,sample_0014,<memory>,0,0,0,1.0,0.0,0.0,0.0,0.0,"HF text, 0 lines, 0 bytes"
text,wikitext,sample_0015,<memory>,1059,604,621,0.4895,4.4155,7.504,0.713,0.836,"HF text, 2 lines, 1059 bytes"
text,wikitext,sample_0016,<memory>,1229,646,624,0.5076,4.2467,7.2623,0.657,0.761,"HF text, 2 lines, 1229 bytes"
text,wikitext,sample_0017,<memory>,1097,597,579,0.5,4.3426,7.3149,0.68,0.772,"HF text, 2 lines, 1097 bytes"
text,wikitext,sample_0018,<memory>,0,0,0,1.0,0.0,0.0,0.0,0.0,"HF text, 0 lines, 0 bytes"
text,wikitext,sample_0019,<memory>,22,18,16,0.6881,3.1747,3.6304,0.92,0.932,"HF text, 2 lines, 22 bytes"
text,wikitext,sample_0020,<memory>,0,0,0,1.0,0.0,0.0,0.0,0.0,"HF text, 0 lines, 0 bytes"
text,wikitext,sample_0021,<memory>,1512,764,711,0.4888,4.4325,7.4931,0.632,0.69,"HF text, 2 lines, 1512 bytes"
text,wikitext,sample_0022,<memory>,1433,738,672,0.4953,4.3581,7.4354,0.644,0.708,"HF text, 2 lines, 1433 bytes"
text,wikitext,sample_0023,<memory>,0,0,0,1.0,0.0,0.0,0.0,0.0,"HF text, 0 lines, 0 bytes"
text,wikitext,sample_0024,<memory>,20,13,10,0.7716,2.3464,2.6153,0.731,0.688,"HF text, 2 lines, 20 bytes"
text,wikitext,sample_0025,<memory>,0,0,0,1.0,0.0,0.0,0.0,0.0,"HF text, 0 lines, 0 bytes"
text,wikitext,sample_0026,<memory>,1678,853,811,0.4915,4.407,7.4586,0.699,0.72,"HF text, 2 lines, 1678 bytes"
text,wikitext,sample_0027,<memory>,0,0,0,1.0,0.0,0.0,0.0,0.0,"HF text, 0 lines, 0 bytes"
text,wikitext,sample_0028,<memory>,22,15,12,0.7559,2.4474,2.9152,0.767,0.727,"HF text, 2 lines, 22 bytes"
text,wikitext,sample_0029,<memory>,0,0,0,1.0,0.0,0.0,0.0,0.0,"HF text, 0 lines, 0 bytes"
text,wikitext,sample_0030,<memory>,1422,767,718,0.4822,4.4731,7.6225,0.674,0.741,"HF text, 2 lines, 1422 bytes"
text,wikitext,sample_0031,<memory>,497,320,314,0.4958,4.4642,7.2063,0.805,0.816,"HF text, 2 lines, 497 bytes"
text,wikitext,sample_0032,<memory>,0,0,0,1.0,0.0,0.0,0.0,0.0,"HF text, 0 lines, 0 bytes"
text,wikitext,sample_0033,<memory>,20,16,14,0.7032,3.0464,3.4058,0.9,0.912,"HF text, 2 lines, 20 bytes"
text,wikitext,sample_0034,<memory>,0,0,0,1.0,0.0,0.0,0.0,0.0,"HF text, 0 lines, 0 bytes"
text,wikitext,sample_0035,<memory>,316,231,228,0.4925,4.5605,7.1186,0.822,0.907,"HF text, 2 lines, 316 bytes"
text,wikitext,sample_0036,<memory>,736,433,433,0.5003,4.3607,7.2702,0.735,0.818,"HF text, 2 lines, 736 bytes"
text,wikitext,sample_0037,<memory>,857,495,494,0.4978,4.3523,7.3661,0.722,0.802,"HF text, 2 lines, 857 bytes"
text,wikitext,sample_0038,<memory>,500,325,329,0.5029,4.3741,7.1578,0.731,0.855,"HF text, 2 lines, 500 bytes"
text,wikitext,sample_0039,<memory>,0,0,0,1.0,0.0,0.0,0.0,0.0,"HF text, 0 lines, 0 bytes"
text,wikitext,sample_0040,<memory>,17,13,11,0.7372,2.7045,3.0,0.86,0.875,"HF text, 2 lines, 17 bytes"
text,wikitext,sample_0041,<memory>,0,0,0,1.0,0.0,0.0,0.0,0.0,"HF text, 0 lines, 0 bytes"
text,wikitext,sample_0042,<memory>,374,248,250,0.5029,4.4302,7.0458,0.746,0.862,"HF text, 2 lines, 374 bytes"
text,wikitext,sample_0043,<memory>,0,0,0,1.0,0.0,0.0,0.0,0.0,"HF text, 0 lines, 0 bytes"
text,wikitext,sample_0044,<memory>,26,19,16,0.7045,3.027,3.4031,0.822,0.788,"HF text, 2 lines, 26 bytes"
text,wikitext,sample_0045,<memory>,0,0,0,1.0,0.0,0.0,0.0,0.0,"HF text, 0 lines, 0 bytes"
text,wikitext,sample_0046,<memory>,1078,654,670,0.4507,4.8619,7.8549,0.758,0.848,"HF text, 2 lines, 1078 bytes"
text,wikitext,sample_0047,<memory>,1207,671,678,0.4785,4.5575,7.5729,0.695,0.808,"HF text, 2 lines, 1207 bytes"
text,wikitext,sample_0048,<memory>,732,474,440,0.4312,5.1882,7.8236,0.809,0.782,"HF text, 2 lines, 732 bytes"
text,wikitext,sample_0049,<memory>,0,0,0,1.0,0.0,0.0,0.0,0.0,"HF text, 0 lines, 0 bytes"
text,wikitext,sample_0050,<memory>,0,0,0,1.0,0.0,0.0,0.0,0.0,"HF text, 0 lines, 0 bytes"
text,wikitext,sample_0051,<memory>,48,46,46,0.5676,4.205,5.4269,1.078,1.104,"HF text, 2 lines, 48 bytes"
text,wikitext,sample_0052,<memory>,0,0,0,1.0,0.0,0.0,0.0,0.0,"HF text, 0 lines, 0 bytes"
text,wikitext,sample_0053,<memory>,549,339,306,0.4877,4.5881,7.2181,0.772,0.745,"HF text, 2 lines, 549 bytes"
text,wikitext,sample_0054,<memory>,503,308,316,0.5046,4.3849,7.0833,0.765,0.831,"HF text, 2 lines, 503 bytes"
text,wikitext,sample_0055,<memory>,0,0,0,1.0,0.0,0.0,0.0,0.0,"HF text, 0 lines, 0 bytes"
text,wikitext,sample_0056,<memory>,23,18,17,0.6837,3.2405,3.6412,0.88,0.94,"HF text, 2 lines, 23 bytes"
text,wikitext,sample_0057,<memory>,0,0,0,1.0,0.0,0.0,0.0,0.0,"HF text, 0 lines, 0 bytes"
text,wikitext,sample_0058,<memory>,1121,631,624,0.4839,4.4973,7.5197,0.704,0.798,"HF text, 2 lines, 1121 bytes"
text,wikitext,sample_0059,<memory>,0,0,0,1.0,0.0,0.0,0.0,0.0,"HF text, 0 lines, 0 bytes"
text,wikitext,sample_0060,<memory>,20,16,14,0.7161,2.8394,3.4058,0.9,0.912,"HF text, 2 lines, 20 bytes"
text,wikitext,sample_0061,<memory>,0,0,0,1.0,0.0,0.0,0.0,0.0,"HF text, 0 lines, 0 bytes"
text,wikitext,sample_0062,<memory>,1584,811,768,0.4945,4.3517,7.4717,0.64,0.743,"HF text, 2 lines, 1584 bytes"
text,wikitext,sample_0063,<memory>,494,296,285,0.5314,4.1024,6.7903,0.674,0.783,"HF text, 2 lines, 494 bytes"
text,wikitext,sample_0064,<memory>,46,42,44,0.5808,4.0729,5.2696,1.027,1.103,"HF text, 2 lines, 46 bytes"
text,wikitext,sample_0065,<memory>,981,542,514,0.5032,4.2986,7.301,0.691,0.759,"HF text, 2 lines, 981 bytes"
text,wikitext,sample_0066,<memory>,755,404,362,0.5297,4.1109,6.8292,0.669,0.7,"HF text, 2 lines, 755 bytes"
text,wikitext,sample_0067,<memory>,265,192,215,0.528,4.1447,6.8156,0.815,0.988,"HF text, 2 lines, 265 bytes"
text,wikitext,sample_0068,<memory>,87,70,74,0.5707,3.9949,5.7488,0.905,1.0,"HF text, 2 lines, 87 bytes"
text,wikitext,sample_0069,<memory>,131,105,116,0.5442,4.1222,6.3414,0.902,1.053,"HF text, 2 lines, 131 bytes"
text,wikitext,sample_0070,<memory>,121,97,100,0.5578,4.0244,6.1027,0.902,0.992,"HF text, 2 lines, 121 bytes"
text,wikitext,sample_0071,<memory>,391,253,250,0.5261,4.167,6.8304,0.728,0.85,"HF text, 2 lines, 391 bytes"
text,wikitext,sample_0072,<memory>,479,299,302,0.5228,4.1592,6.9506,0.78,0.858,"HF text, 2 lines, 479 bytes"
text,wikitext,sample_0073,<memory>,303,219,227,0.499,4.515,7.0013,0.813,0.942,"HF text, 2 lines, 303 bytes"
text,wikitext,sample_0074,<memory>,40,39,40,0.5831,4.0537,5.2341,1.097,1.125,"HF text, 2 lines, 40 bytes"
text,wikitext,sample_0075,<memory>,48,45,48,0.5526,4.4448,5.4269,1.055,1.125,"HF text, 2 lines, 48 bytes"
text,wikitext,sample_0076,<memory>,46,46,46,0.5474,4.4956,5.4919,1.125,1.125,"HF text, 2 lines, 46 bytes"
text,wikitext,sample_0077,<memory>,38,38,38,0.5762,4.1754,5.2095,1.125,1.125,"HF text, 2 lines, 38 bytes"
text,wikitext,sample_0078,<memory>,26,26,26,0.6101,3.9172,4.6439,1.125,1.125,"HF text, 2 lines, 26 bytes"
text,wikitext,sample_0079,<memory>,43,37,36,0.6129,3.7349,4.9161,0.968,1.0,"HF text, 2 lines, 43 bytes"
image,mnist,sample_0000,<memory>,784,182,179,0.8124,1.8285,2.3448,0.261,0.34,"pixels (28, 28), dtype=uint8"
image,mnist,sample_0001,<memory>,784,202,196,0.7969,1.9196,2.6613,0.29,0.359,"pixels (28, 28), dtype=uint8"
image,mnist,sample_0002,<memory>,784,167,145,0.8471,1.4551,1.9834,0.24,0.291,"pixels (28, 28), dtype=uint8"
image,mnist,sample_0003,<memory>,784,128,137,0.8834,1.0977,1.5349,0.184,0.279,"pixels (28, 28), dtype=uint8"
image,mnist,sample_0004,<memory>,784,172,177,0.8312,1.6095,2.1822,0.247,0.324,"pixels (28, 28), dtype=uint8"
image,mnist,sample_0005,<memory>,784,211,214,0.7822,2.1113,2.7481,0.303,0.379,"pixels (28, 28), dtype=uint8"
image,mnist,sample_0006,<memory>,784,113,98,0.8986,0.9435,1.3586,0.162,0.224,"pixels (28, 28), dtype=uint8"
image,mnist,sample_0007,<memory>,784,188,172,0.7945,1.9912,2.5944,0.27,0.341,"pixels (28, 28), dtype=uint8"
image,mnist,sample_0008,<memory>,784,105,97,0.9137,0.8069,1.1484,0.151,0.224,"pixels (28, 28), dtype=uint8"
image,mnist,sample_0009,<memory>,784,181,179,0.8329,1.5857,2.1754,0.26,0.337,"pixels (28, 28), dtype=uint8"
image,mnist,sample_0010,<memory>,784,164,166,0.834,1.5953,2.1204,0.235,0.326,"pixels (28, 28), dtype=uint8"
image,mnist,sample_0011,<memory>,784,134,140,0.8812,1.156,1.4881,0.192,0.271,"pixels (28, 28), dtype=uint8"
image,mnist,sample_0012,<memory>,784,197,195,0.7888,2.0473,2.6636,0.283,0.372,"pixels (28, 28), dtype=uint8"
image,mnist,sample_0013,<memory>,784,200,198,0.8023,1.8776,2.5709,0.287,0.364,"pixels (28, 28), dtype=uint8"
image,mnist,sample_0014,<memory>,784,99,90,0.9149,0.7961,1.1325,0.142,0.207,"pixels (28, 28), dtype=uint8"
image,mnist,sample_0015,<memory>,784,169,178,0.832,1.6013,2.1743,0.243,0.343,"pixels (28, 28), dtype=uint8"
image,mnist,sample_0016,<memory>,784,193,188,0.8117,1.8308,2.3648,0.277,0.346,"pixels (28, 28), dtype=uint8"
image,mnist,sample_0017,<memory>,784,192,204,0.8089,1.8378,2.4411,0.276,0.361,"pixels (28, 28), dtype=uint8"
image,mnist,sample_0018,<memory>,784,161,157,0.8538,1.3943,1.8911,0.231,0.307,"pixels (28, 28), dtype=uint8"
image,mnist,sample_0019,<memory>,784,150,156,0.8597,1.346,1.7976,0.215,0.305,"pixels (28, 28), dtype=uint8"
image,mnist,sample_0020,<memory>,784,184,165,0.807,1.8362,2.5045,0.264,0.337,"pixels (28, 28), dtype=uint8"
image,mnist,sample_0021,<memory>,784,202,192,0.7918,1.9599,2.7439,0.29,0.363,"pixels (28, 28), dtype=uint8"
image,mnist,sample_0022,<memory>,784,162,168,0.8521,1.4223,1.8869,0.232,0.318,"pixels (28, 28), dtype=uint8"
image,mnist,sample_0023,<memory>,784,132,146,0.8818,1.1169,1.5473,0.189,0.296,"pixels (28, 28), dtype=uint8"
image,mnist,sample_0024,<memory>,784,163,158,0.8403,1.5469,2.0174,0.234,0.31,"pixels (28, 28), dtype=uint8"
image,mnist,sample_0025,<memory>,784,200,194,0.7781,2.155,2.7904,0.287,0.369,"pixels (28, 28), dtype=uint8"
image,mnist,sample_0026,<memory>,784,145,139,0.8736,1.1945,1.6551,0.208,0.284,"pixels (28, 28), dtype=uint8"
image,mnist,sample_0027,<memory>,784,181,169,0.7863,2.0881,2.6619,0.26,0.335,"pixels (28, 28), dtype=uint8"
image,mnist,sample_0028,<memory>,784,181,184,0.7942,2.0114,2.5617,0.26,0.349,"pixels (28, 28), dtype=uint8"
image,mnist,sample_0029,<memory>,784,144,148,0.8696,1.2506,1.6714,0.207,0.294,"pixels (28, 28), dtype=uint8"
image,mnist,sample_0030,<memory>,784,165,168,0.8278,1.6736,2.1635,0.237,0.318,"pixels (28, 28), dtype=uint8"
image,mnist,sample_0031,<memory>,784,175,177,0.8125,1.8045,2.391,0.251,0.334,"pixels (28, 28), dtype=uint8"
image,mnist,sample_0032,<memory>,784,173,169,0.8405,1.5314,2.0401,0.248,0.319,"pixels (28, 28), dtype=uint8"
image,mnist,sample_0033,<memory>,784,162,167,0.8394,1.5625,2.0131,0.232,0.321,"pixels (28, 28), dtype=uint8"
image,mnist,sample_0034,<memory>,784,170,155,0.8197,1.6758,2.4176,0.244,0.32,"pixels (28, 28), dtype=uint8"
image,mnist,sample_0035,<memory>,784,118,113,0.8984,0.9138,1.4224,0.169,0.25,"pixels (28, 28), dtype=uint8"
image,mnist,sample_0036,<memory>,784,162,163,0.8312,1.6226,2.1562,0.232,0.326,"pixels (28, 28), dtype=uint8"
image,mnist,sample_0037,<memory>,784,192,178,0.7941,1.9534,2.6813,0.276,0.359,"pixels (28, 28), dtype=uint8"
image,mnist,sample_0038,<memory>,784,160,141,0.8402,1.5504,2.0114,0.23,0.282,"pixels (28, 28), dtype=uint8"
image,mnist,sample_0039,<memory>,784,188,180,0.8193,1.7031,2.3762,0.27,0.344,"pixels (28, 28), dtype=uint8"
image,mnist,sample_0040,<memory>,784,104,100,0.9055,0.88,1.2626,0.149,0.225,"pixels (28, 28), dtype=uint8"
image,mnist,sample_0041,<memory>,784,191,198,0.8074,1.8409,2.4825,0.274,0.356,"pixels (28, 28), dtype=uint8"
image,mnist,sample_0042,<memory>,784,127,128,0.8891,1.0556,1.4383,0.182,0.262,"pixels (28, 28), dtype=uint8"
image,mnist,sample_0043,<memory>,784,143,139,0.87,1.2271,1.7063,0.205,0.279,"pixels (28, 28), dtype=uint8"
image,mnist,sample_0044,<memory>,784,134,127,0.875,1.1827,1.6353,0.192,0.267,"pixels (28, 28), dtype=uint8"
image,mnist,sample_0045,<memory>,784,179,188,0.8252,1.6622,2.2692,0.257,0.348,"pixels (28, 28), dtype=uint8"
image,mnist,sample_0046,<memory>,784,202,200,0.8014,1.9274,2.5,0.29,0.362,"pixels (28, 28), dtype=uint8"
image,mnist,sample_0047,<memory>,784,102,74,0.9099,0.8161,1.2509,0.146,0.197,"pixels (28, 28), dtype=uint8"
image,mnist,sample_0048,<memory>,784,149,137,0.8604,1.3411,1.7845,0.214,0.278,"pixels (28, 28), dtype=uint8"
image,mnist,sample_0049,<memory>,784,189,179,0.8002,1.9208,2.5509,0.271,0.346,"pixels (28, 28), dtype=uint8"
image,mnist,sample_0050,<memory>,784,174,164,0.8357,1.6061,2.0461,0.25,0.31,"pixels (28, 28), dtype=uint8"
image,mnist,sample_0051,<memory>,784,199,167,0.7821,2.0726,2.8283,0.286,0.334,"pixels (28, 28), dtype=uint8"
image,mnist,sample_0052,<memory>,784,164,150,0.8322,1.5967,2.1748,0.235,0.311,"pixels (28, 28), dtype=uint8"
image,mnist,sample_0053,<memory>,784,167,164,0.8464,1.4603,1.9944,0.24,0.317,"pixels (28, 28), dtype=uint8"
image,mnist,sample_0054,<memory>,784,181,181,0.821,1.7104,2.3066,0.26,0.349,"pixels (28, 28), dtype=uint8"
image,mnist,sample_0055,<memory>,784,195,197,0.7927,1.9912,2.6522,0.28,0.369,"pixels (28, 28), dtype=uint8"
image,mnist,sample_0056,<memory>,784,212,196,0.7803,2.0654,2.8984,0.304,0.375,"pixels (28, 28), dtype=uint8"
image,mnist,sample_0057,<memory>,784,152,151,0.8587,1.3235,1.8747,0.218,0.298,"pixels (28, 28), dtype=uint8"
image,mnist,sample_0058,<memory>,784,151,122,0.8409,1.5184,2.0547,0.217,0.263,"pixels (28, 28), dtype=uint8"
image,mnist,sample_0059,<memory>,784,131,148,0.8834,1.0991,1.5335,0.188,0.295,"pixels (28, 28), dtype=uint8"
image,mnist,sample_0060,<memory>,784,181,170,0.8167,1.741,2.3852,0.26,0.333,"pixels (28, 28), dtype=uint8"
image,mnist,sample_0061,<memory>,784,162,163,0.8513,1.4172,1.9231,0.232,0.306,"pixels (28, 28), dtype=uint8"
image,mnist,sample_0062,<memory>,784,174,190,0.8219,1.6992,2.2999,0.25,0.346,"pixels (28, 28), dtype=uint8"
image,mnist,sample_0063,<memory>,784,208,183,0.7703,2.1614,3.0273,0.298,0.381,"pixels (28, 28), dtype=uint8"
image,mnist,sample_0064,<memory>,784,203,195,0.8033,1.8593,2.5745,0.291,0.371,"pixels (28, 28), dtype=uint8"
image,mnist,sample_0065,<memory>,784,145,154,0.8691,1.2649,1.6577,0.208,0.291,"pixels (28, 28), dtype=uint8"
image,mnist,sample_0066,<memory>,784,112,72,0.8978,0.9196,1.4299,0.161,0.196,"pixels (28, 28), dtype=uint8"
image,mnist,sample_0067,<memory>,784,139,145,0.8723,1.2032,1.6801,0.199,0.296,"pixels (28, 28), dtype=uint8"
image,mnist,sample_0068,<memory>,784,151,127,0.866,1.1631,1.9616,0.217,0.281,"pixels (28, 28), dtype=uint8"
image,mnist,sample_0069,<memory>,784,184,158,0.7976,1.883,2.71,0.264,0.334,"pixels (28, 28), dtype=uint8"
image,mnist,sample_0070,<memory>,784,149,149,0.8598,1.3299,1.8261,0.214,0.297,"pixels (28, 28), dtype=uint8"
image,mnist,sample_0071,<memory>,784,163,168,0.8405,1.5373,2.0285,0.234,0.322,"pixels (28, 28), dtype=uint8"
image,mnist,sample_0072,<memory>,784,102,94,0.9191,0.7538,1.0823,0.146,0.216,"pixels (28, 28), dtype=uint8"
image,mnist,sample_0073,<memory>,784,198,189,0.8052,1.8707,2.4927,0.284,0.349,"pixels (28, 28), dtype=uint8"
image,mnist,sample_0074,<memory>,784,164,169,0.834,1.5895,2.1343,0.235,0.325,"pixels (28, 28), dtype=uint8"
image,mnist,sample_0075,<memory>,784,192,173,0.8055,1.8423,2.5386,0.276,0.331,"pixels (28, 28), dtype=uint8"
image,mnist,sample_0076,<memory>,784,182,182,0.8173,1.7615,2.3248,0.261,0.347,"pixels (28, 28), dtype=uint8"
image,mnist,sample_0077,<memory>,784,115,115,0.8959,0.9748,1.383,0.165,0.246,"pixels (28, 28), dtype=uint8"
image,mnist,sample_0078,<memory>,784,126,115,0.8824,1.1043,1.5552,0.181,0.262,"pixels (28, 28), dtype=uint8"
image,mnist,sample_0079,<memory>,784,162,154,0.8416,1.5157,2.0359,0.232,0.312,"pixels (28, 28), dtype=uint8"
audio,PolyAI_minds14,sample_0000,602ba55abb1e6d0fbce92065.wav,86758,40573,56517,0.2562,6.4257,10.9498,0.935,0.838,"HF audio bytes, 86758 bytes"
audio,PolyAI_minds14,sample_0001,602baf24bb1e6d0fbce922a7.wav,53306,26637,39526,0.2036,6.9606,11.5637,0.937,0.961,"HF audio bytes, 53306 bytes"
audio,PolyAI_minds14,sample_0002,602b9f97963e11ccd901cc32.wav,193936,83309,136502,0.1968,6.9696,11.7626,0.913,0.908,"HF audio bytes, 193936 bytes"
audio,PolyAI_minds14,sample_0003,602bacab5f67b421554f6488.wav,26000,14383,16832,0.2421,6.7413,10.7687,0.968,0.84,"HF audio bytes, 26000 bytes"
audio,PolyAI_minds14,sample_0004,602b9d4cbb1e6d0fbce91fa4.wav,30778,14718,18007,0.3168,6.1087,9.6459,0.837,0.755,"HF audio bytes, 30778 bytes"
audio,PolyAI_minds14,sample_0005,602bafa0bb1e6d0fbce922c7.wav,36468,18198,22092,0.2771,6.3487,10.4344,0.936,0.886,"HF audio bytes, 36468 bytes"
audio,PolyAI_minds14,sample_0006,602baf47bb1e6d0fbce922b6.wav,47162,24433,37652,0.2132,6.7961,11.584,0.971,0.98,"HF audio bytes, 47162 bytes"
audio,PolyAI_minds14,sample_0007,602ba612bb1e6d0fbce92088.wav,68326,34801,50062,0.1923,7.0065,11.8349,1.019,0.944,"HF audio bytes, 68326 bytes"
audio,PolyAI_minds14,sample_0008,602baa0fbb1e6d0fbce9214f.wav,58758,23577,30248,0.3871,5.3395,8.9346,0.752,0.701,"HF audio bytes, 58758 bytes"
audio,PolyAI_minds14,sample_0009,602bac37bb1e6d0fbce921c0.wav,109286,53504,84784,0.2037,6.7227,12.0348,0.979,0.944,"HF audio bytes, 109286 bytes"
audio,PolyAI_minds14,sample_0010,602baf1f5f67b421554f64ce.wav,42384,20546,25254,0.3031,6.1286,10.0426,0.909,0.772,"HF audio bytes, 42384 bytes"
audio,PolyAI_minds14,sample_0011,602baf4fbb1e6d0fbce922b8.wav,56038,29691,41934,0.2227,6.5892,11.6964,0.993,0.958,"HF audio bytes, 56038 bytes"
audio,PolyAI_minds14,sample_0012,602ba81ebb1e6d0fbce920e6.wav,87440,46609,66949,0.1616,7.2059,12.4163,1.066,0.975,"HF audio bytes, 87440 bytes"
audio,PolyAI_minds14,sample_0013,602baf85963e11ccd901ce47.wav,119526,57260,91363,0.178,7.1073,12.0909,0.958,0.941,"HF audio bytes, 119526 bytes"
audio,PolyAI_minds14,sample_0014,602bae7a5f67b421554f64b4.wav,23952,13200,15363,0.302,6.1582,10.0203,0.964,0.797,"HF audio bytes, 23952 bytes"
audio,PolyAI_minds14,sample_0015,602b9b6705f96973d67943ca.wav,38970,23206,30980,0.158,7.3587,12.2272,1.117,0.961,"HF audio bytes, 38970 bytes"
audio,PolyAI_minds14,sample_0016,602bacde05f96973d67944d9.wav,25318,14251,18696,0.242,6.6013,11.0544,0.985,0.915,"HF audio bytes, 25318 bytes"
audio,PolyAI_minds14,sample_0017,602bae8ebb1e6d0fbce9226f.wav,45114,14986,19347,0.5078,4.283,7.183,0.581,0.59,"HF audio bytes, 45114 bytes"
audio,PolyAI_minds14,sample_0018,602bb04b05f96973d679451e.wav,64912,25363,35985,0.3703,5.4845,9.1809,0.733,0.718,"HF audio bytes, 64912 bytes"
audio,PolyAI_minds14,sample_0019,602bafed963e11ccd901ce4f.wav,59450,27980,38498,0.3007,6.0058,10.3674,0.882,0.819,"HF audio bytes, 59450 bytes"
audio,PolyAI_minds14,sample_0020,602ba3fe963e11ccd901cc7f.wav,66278,34917,49929,0.1895,7.0336,11.8692,1.054,0.928,"HF audio bytes, 66278 bytes"
audio,PolyAI_minds14,sample_0021,602bae1f963e11ccd901cdf2.wav,66278,35898,53316,0.1527,7.3429,12.4277,1.083,0.996,"HF audio bytes, 66278 bytes"
audio,PolyAI_minds14,sample_0022,602ba63d05f96973d679444d.wav,43898,16957,21172,0.4177,5.1545,8.3255,0.724,0.644,"HF audio bytes, 43898 bytes"
audio,PolyAI_minds14,sample_0023,602babccbb1e6d0fbce921b2.wav,41702,15077,19083,0.4653,4.6943,7.7225,0.633,0.622,"HF audio bytes, 41702 bytes"
audio,PolyAI_minds14,sample_0024,602bad57bb1e6d0fbce921f2.wav,30778,20909,27771,0.1307,7.4041,13.0104,1.274,1.039,"HF audio bytes, 30778 bytes"
audio,PolyAI_minds14,sample_0025,602ba5305f67b421554f6404.wav,32826,11591,13743,0.4986,4.4836,7.0778,0.618,0.569,"HF audio bytes, 32826 bytes"
audio,PolyAI_minds14,sample_0026,602ba3fa5f67b421554f63ec.wav,29414,13198,15571,0.3974,5.3298,8.6233,0.785,0.685,"HF audio bytes, 29414 bytes"
audio,PolyAI_minds14,sample_0027,602baafc5f67b421554f646d.wav,69008,29803,39908,0.3115,6.039,9.9545,0.81,0.78,"HF audio bytes, 69008 bytes"
audio,PolyAI_minds14,sample_0028,602ba857bb1e6d0fbce920ec.wav,127718,67733,109466,0.1278,7.4194,13.0728,1.127,1.004,"HF audio bytes, 127718 bytes"
audio,PolyAI_minds14,sample_0029,602b9d56bb1e6d0fbce91fa6.wav,54672,21834,29867,0.3598,5.6137,9.2584,0.749,0.747,"HF audio bytes, 54672 bytes"
audio,PolyAI_minds14,sample_0030,602baf10963e11ccd901ce24.wav,35558,21327,28558,0.148,7.4292,12.4048,1.125,1.008,"HF audio bytes, 35558 bytes"
audio,PolyAI_minds14,sample_0031,602bae2f963e11ccd901cdf4.wav,34874,21707,27955,0.1806,7.0478,12.1255,1.167,0.951,"HF audio bytes, 34874 bytes"
audio,PolyAI_minds14,sample_0032,602bac2e963e11ccd901cda4.wav,42384,20715,28252,0.2413,6.706,10.8652,0.916,0.849,"HF audio bytes, 42384 bytes"
audio,PolyAI_minds14,sample_0033,602bab75bb1e6d0fbce9219f.wav,135910,56055,88186,0.2939,6.0743,10.4466,0.825,0.804,"HF audio bytes, 135910 bytes"
audio,PolyAI_minds14,sample_0034,602bafa95f67b421554f64dc.wav,116112,56549,88896,0.1777,7.1118,12.0897,0.974,0.994,"HF audio bytes, 116112 bytes"
audio,PolyAI_minds14,sample_0035,602b9a59bb1e6d0fbce91f51.wav,52624,31858,45856,0.1451,7.2496,12.8591,1.135,1.053,"HF audio bytes, 52624 bytes"
audio,PolyAI_minds14,sample_0036,602bae9fbb1e6d0fbce92278.wav,30778,16135,18883,0.2949,6.2098,10.143,0.917,0.781,"HF audio bytes, 30778 bytes"
audio,PolyAI_minds14,sample_0037,602baaf1bb1e6d0fbce9217b.wav,133062,61715,94052,0.2458,6.3508,11.4313,0.928,0.905,"HF audio bytes, 133062 bytes"
audio,PolyAI_minds14,sample_0038,602ba6b8963e11ccd901ccda.wav,38288,18737,24627,0.2595,6.5491,10.5979,0.918,0.844,"HF audio bytes, 38288 bytes"
audio,PolyAI_minds14,sample_0039,602baf98bb1e6d0fbce922c5.wav,23092,11380,14278,0.3337,5.8466,9.6294,0.862,0.805,"HF audio bytes, 23092 bytes"
audio,PolyAI_minds14,sample_0040,602ba556963e11ccd901ccb0.wav,71056,39846,60441,0.1497,7.2639,12.6824,1.122,1.043,"HF audio bytes, 71056 bytes"
audio,PolyAI_minds14,sample_0041,602baee7bb1e6d0fbce9228e.wav,35558,19448,25051,0.1962,7.1091,11.5033,1.026,0.91,"HF audio bytes, 35558 bytes"
audio,PolyAI_minds14,sample_0042,602b9c72bb1e6d0fbce91f87.wav,34982,18739,23292,0.1766,7.405,11.5397,1.004,0.906,"HF audio bytes, 34982 bytes"
audio,PolyAI_minds14,sample_0043,602bab46bb1e6d0fbce92191.wav,37606,25398,34608,0.1065,7.6082,13.3752,1.266,1.062,"HF audio bytes, 37606 bytes"
audio,PolyAI_minds14,sample_0044,602b9b0c963e11ccd901cbda.wav,38970,15186,19834,0.4071,5.2041,8.5644,0.682,0.696,"HF audio bytes, 38970 bytes"
audio,PolyAI_minds14,sample_0045,602ba4f05f67b421554f6400.wav,47846,24094,30338,0.2816,6.2314,10.5266,0.944,0.819,"HF audio bytes, 47846 bytes"
audio,PolyAI_minds14,sample_0046,602ba981963e11ccd901cd3b.wav,27366,11131,13884,0.4246,5.0629,8.2862,0.712,0.677,"HF audio bytes, 27366 bytes"
audio,PolyAI_minds14,sample_0047,602b9874bb1e6d0fbce91f27.wav,47846,27311,39361,0.1875,6.9036,12.1915,1.07,1.023,"HF audio bytes, 47846 bytes"
audio,PolyAI_minds14,sample_0048,602baec5963e11ccd901ce0b.wav,28048,12906,15146,0.3861,5.4083,8.8298,0.805,0.718,"HF audio bytes, 28048 bytes"
audio,PolyAI_minds14,sample_0049,602ba75c963e11ccd901ccef.wav,32826,17275,22251,0.2433,6.6567,10.9002,0.987,0.878,"HF audio bytes, 32826 bytes"
audio,PolyAI_minds14,sample_0050,602ba06a963e11ccd901cc3c.wav,81978,37932,50330,0.2541,6.5037,10.8626,0.925,0.855,"HF audio bytes, 81978 bytes"
audio,PolyAI_minds14,sample_0051,602ba56205f96973d679443d.wav,74470,37685,55228,0.1973,6.9229,11.8419,1.012,0.945,"HF audio bytes, 74470 bytes"
audio,PolyAI_minds14,sample_0052,602ba6f3bb1e6d0fbce920b7.wav,36468,13064,15046,0.4798,4.6238,7.3987,0.627,0.578,"HF audio bytes, 36468 bytes"
audio,PolyAI_minds14,sample_0053,602baca4963e11ccd901cdb7.wav,45114,13533,15933,0.5642,3.8345,6.2773,0.525,0.507,"HF audio bytes, 45114 bytes"
audio,PolyAI_minds14,sample_0054,602ba717bb1e6d0fbce920bc.wav,72422,42791,67737,0.1341,7.2913,13.127,1.182,1.09,"HF audio bytes, 72422 bytes"
audio,PolyAI_minds14,sample_0055,602ba65dbb1e6d0fbce9209b.wav,26682,12653,14275,0.3331,5.9933,9.3531,0.83,0.719,"HF audio bytes, 26682 bytes"
audio,PolyAI_minds14,sample_0056,602bad055f67b421554f648d.wav,37606,16465,19460,0.3774,5.5024,8.9198,0.821,0.696,"HF audio bytes, 37606 bytes"
audio,PolyAI_minds14,sample_0057,602b9999bb1e6d0fbce91f3e.wav,34874,14839,18014,0.3985,5.3799,8.4893,0.745,0.666,"HF audio bytes, 34874 bytes"
audio,PolyAI_minds14,sample_0058,602ba9c25f67b421554f6459.wav,31462,13593,17126,0.3543,5.7157,9.2326,0.756,0.719,"HF audio bytes, 31462 bytes"
audio,PolyAI_minds14,sample_0059,602bad575f67b421554f6496.wav,34874,20503,25268,0.1881,7.1144,11.7534,1.102,0.905,"HF audio bytes, 34874 bytes"
audio,PolyAI_minds14,sample_0060,602ba1e0963e11ccd901cc51.wav,47846,24148,32059,0.2735,6.2759,10.6967,0.946,0.842,"HF audio bytes, 47846 bytes"
audio,PolyAI_minds14,sample_0061,602ba6e405f96973d6794461.wav,39654,20448,25166,0.2468,6.6074,10.8864,0.967,0.865,"HF audio bytes, 39654 bytes"
audio,PolyAI_minds14,sample_0062,602ba38bbb1e6d0fbce9201d.wav,37210,20638,27735,0.1803,7.2208,11.7892,1.04,0.98,"HF audio bytes, 37210 bytes"
audio,PolyAI_minds14,sample_0063,602ba1e5963e11ccd901cc52.wav,45798,18455,22295,0.3988,5.3428,8.5543,0.756,0.655,"HF audio bytes, 45798 bytes"
audio,PolyAI_minds14,sample_0064,602bad7d05f96973d67944e2.wav,38970,20334,25484,0.2649,6.3506,10.8233,0.978,0.884,"HF audio bytes, 38970 bytes"
audio,PolyAI_minds14,sample_0065,602bad6bbb1e6d0fbce921f7.wav,93584,38459,55819,0.3085,6.0666,9.9934,0.822,0.76,"HF audio bytes, 93584 bytes"
audio,PolyAI_minds14,sample_0066,602bad61963e11ccd901cdd9.wav,41668,14474,17491,0.5055,4.3344,7.155,0.608,0.569,"HF audio bytes, 41668 bytes"
audio,PolyAI_minds14,sample_0067,602ba307963e11ccd901cc69.wav,28048,14837,18432,0.2953,6.1811,10.1877,0.926,0.807,"HF audio bytes, 28048 bytes"
audio,PolyAI_minds14,sample_0068,602ba368963e11ccd901cc73.wav,22586,8775,10116,0.4525,4.9054,7.7102,0.68,0.623,"HF audio bytes, 22586 bytes"
audio,PolyAI_minds14,sample_0069,602ba046bb1e6d0fbce91fd3.wav,36240,17687,23385,0.2939,6.173,10.2495,0.915,0.829,"HF audio bytes, 36240 bytes"
audio,PolyAI_minds14,sample_0070,602ba418bb1e6d0fbce92030.wav,41018,25313,36567,0.1408,7.3557,12.784,1.157,1.065,"HF audio bytes, 41018 bytes"
audio,PolyAI_minds14,sample_0071,602b98135f67b421554f636c.wav,55786,22370,28834,0.3934,5.3076,8.7963,0.752,0.683,"HF audio bytes, 55786 bytes"
audio,PolyAI_minds14,sample_0072,602bac3cbb1e6d0fbce921c2.wav,26682,12535,14148,0.3585,5.683,9.1633,0.822,0.749,"HF audio bytes, 26682 bytes"
audio,PolyAI_minds14,sample_0073,602badfebb1e6d0fbce92229.wav,28730,14666,17312,0.3201,5.9481,9.8609,0.893,0.827,"HF audio bytes, 28730 bytes"
audio,PolyAI_minds14,sample_0074,602ba2b5bb1e6d0fbce92003.wav,127718,59215,92291,0.1902,6.9938,11.9252,0.927,0.936,"HF audio bytes, 127718 bytes"
audio,PolyAI_minds14,sample_0075,602b9be4bb1e6d0fbce91f70.wav,32826,11656,13034,0.502,4.3419,7.253,0.621,0.617,"HF audio bytes, 32826 bytes"
audio,PolyAI_minds14,sample_0076,602badf5bb1e6d0fbce92224.wav,35558,13904,15742,0.4709,4.6955,7.5396,0.684,0.588,"HF audio bytes, 35558 bytes"
audio,PolyAI_minds14,sample_0077,602baa3abb1e6d0fbce9215b.wav,21904,14670,18399,0.1503,7.4189,12.3535,1.172,1.031,"HF audio bytes, 21904 bytes"
audio,PolyAI_minds14,sample_0078,602baa63bb1e6d0fbce92162.wav,28048,11748,13487,0.379,5.6082,8.6567,0.733,0.656,"HF audio bytes, 28048 bytes"
audio,PolyAI_minds14,sample_0079,602ba64f05f96973d6794450.wav,44640,18406,21500,0.3978,5.2236,8.8232,0.773,0.707,"HF audio bytes, 44640 bytes"
